DATE,TOTBKCR
1973-01-03,567.2553
1973-01-10,565.5054
1973-01-17,565.3477
1973-01-24,565.1737
1973-01-31,569.7089
1973-02-07,571.2254
1973-02-14,573.5717
1973-02-21,574.7042
1973-02-28,577.518
1973-03-07,581.5757
1973-03-14,582.7181
1973-03-21,584.2137
1973-03-28,586.1701
1973-04-04,587.5392
1973-04-11,589.1442
1973-04-18,589.1377
1973-04-25,591.1341
1973-05-02,593.4399
1973-05-09,594.5321
1973-05-16,594.4818
1973-05-23,595.4865
1973-05-30,598.963
1973-06-06,601.5
1973-06-13,602.8771
1973-06-20,603.5501
1973-06-27,605.4626
1973-07-04,606.8473
1973-07-11,609.9411
1973-07-18,608.9051
1973-07-25,610.7133
1973-08-01,613.3477
1973-08-08,614.9775
1973-08-15,618.6221
1973-08-22,615.5519
1973-08-29,616.2351
1973-09-05,620.4894
1973-09-12,621.1427
1973-09-19,620.4723
1973-09-26,622.0711
1973-10-03,623.3404
1973-10-10,626.2011
1973-10-17,623.7863
1973-10-24,625.8254
1973-10-31,627.4142
1973-11-07,632.1742
1973-11-14,629.6947
1973-11-21,631.272
1973-11-28,631.6332
1973-12-05,636.3865
1973-12-12,638.7466
1973-12-19,640.099
1973-12-26,645.2428
1974-01-02,644.9049
1974-01-09,643.2164
1974-01-16,644.2714
1974-01-23,645.1132
1974-01-30,645.0434
1974-02-06,647.3202
1974-02-13,646.7248
1974-02-20,648.1402
1974-02-27,649.7123
1974-03-06,654.7801
1974-03-13,655.7101
1974-03-20,657.4908
1974-03-27,660.8952
1974-04-03,666.7548
1974-04-10,668.9034
1974-04-17,671.3413
1974-04-24,670.7133
1974-05-01,674.2538
1974-05-08,673.7612
1974-05-15,675.6747
1974-05-22,674.9901
1974-05-29,676.3028
1974-06-05,679.3084
1974-06-12,681.1222
1974-06-19,682.6979
1974-06-26,683.8853
1974-07-03,686.078
1974-07-10,686.1277
1974-07-17,686.2906
1974-07-24,686.3538
1974-07-31,690.3408
1974-08-07,691.0397
1974-08-14,690.9209
1974-08-21,690.7183
1974-08-28,692.2409
1974-09-04,692.9515
1974-09-11,695.0395
1974-09-18,694.152
1974-09-25,691.9667
1974-10-02,692.5638
1974-10-09,693.7354
1974-10-16,693.917
1974-10-23,693.2164
1974-10-30,693.5605
1974-11-06,694.599
1974-11-13,696.7992
1974-11-20,696.5027
1974-11-27,696.6358
1974-12-04,700.3472
1974-12-11,701.414
1974-12-18,703.4548
1974-12-25,704.0068
1975-01-01,707.1556
1975-01-08,703.5225
1975-01-15,701.7357
1975-01-22,698.1405
1975-01-29,696.8606
1975-02-05,697.2
1975-02-12,693.9701
1975-02-19,697.3089
1975-02-26,696.0499
1975-03-05,700.4742
1975-03-12,700.9701
1975-03-19,700.7331
1975-03-26,699.6054
1975-04-02,700.431
1975-04-09,703.3214
1975-04-16,705.2144
1975-04-23,702.9919
1975-04-30,704.9045
1975-05-07,705.2927
1975-05-14,704.2365
1975-05-21,704.6976
1975-05-28,705.0104
1975-06-04,706.0105
1975-06-11,709.2187
1975-06-18,710.1087
1975-06-25,708.7019
1975-07-02,709.4179
1975-07-09,710.0552
1975-07-16,708.9294
1975-07-23,709.0077
1975-07-30,709.613
1975-08-06,711.0877
1975-08-13,711.468
1975-08-20,712.7599
1975-08-27,712.043
1975-09-03,714.971
1975-09-10,716.8982
1975-09-17,717.3362
1975-09-24,717.0995
1975-10-01,720.3392
1975-10-08,720.4281
1975-10-15,720.0774
1975-10-22,720.0509
1975-10-29,719.4138
1975-11-05,720.9696
1975-11-12,721.0585
1975-11-19,721.2255
1975-11-26,726.6598
1975-12-03,726.9881
1975-12-10,730.2733
1975-12-17,733.5308
1975-12-24,734.3924
1975-12-31,738.2839
1976-01-07,730.5494
1976-01-14,730.6658
1976-01-21,729.2212
1976-01-28,729.9663
1976-02-04,731.0805
1976-02-11,730.456
1976-02-18,733.2271
1976-02-25,731.92
1976-03-03,734.0081
1976-03-10,737.6557
1976-03-17,738.9317
1976-03-24,739.5316
1976-03-31,740.1142
1976-04-07,741.5661
1976-04-14,743.5574
1976-04-21,745.7793
1976-04-28,744.6244
1976-05-05,744.3747
1976-05-12,745.082
1976-05-19,748.3544
1976-05-26,748.2618
1976-06-02,752.1742
1976-06-09,752.7434
1976-06-16,753.896
1976-06-23,752.8462
1976-06-30,757.8391
1976-07-07,752.8198
1976-07-14,754.5687
1976-07-21,755.0462
1976-07-28,754.2612
1976-08-04,755.655
1976-08-11,758.2642
1976-08-18,760.461
1976-08-25,760.4326
1976-09-01,761.958
1976-09-08,760.1676
1976-09-15,764.3446
1976-09-22,765.9532
1976-09-29,767.2831
1976-10-06,770.273
1976-10-13,769.9942
1976-10-20,772.8405
1976-10-27,773.9386
1976-11-03,775.4842
1976-11-10,775.3244
1976-11-17,781.3701
1976-11-24,782.1475
1976-12-01,785.6417
1976-12-08,788.7363
1976-12-15,793.2252
1976-12-22,794.4618
1976-12-29,796.7592
1977-01-05,793.3387
1977-01-12,794.1697
1977-01-19,794.1092
1977-01-26,792.0722
1977-02-02,793.2889
1977-02-09,795.0884
1977-02-16,798.8105
1977-02-23,798.8051
1977-03-02,802.6789
1977-03-09,805.3608
1977-03-16,808.9079
1977-03-23,808.3654
1977-03-30,808.9481
1977-04-06,813.1719
1977-04-13,813.5698
1977-04-20,818.4968
1977-04-27,817.8338
1977-05-04,819.8767
1977-05-11,821.7338
1977-05-18,823.1978
1977-05-25,824.1922
1977-06-01,826.3744
1977-06-08,828.051
1977-06-15,832.5348
1977-06-22,830.813
1977-06-29,832.7858
1977-07-06,831.7431
1977-07-13,834.049
1977-07-20,836.8743
1977-07-27,836.7833
1977-08-03,839.0736
1977-08-10,841.4877
1977-08-17,843.131
1977-08-24,843.1551
1977-08-31,846.0543
1977-09-07,849.5581
1977-09-14,850.0069
1977-09-21,852.0581
1977-09-28,852.7453
1977-10-05,852.9159
1977-10-12,855.1299
1977-10-19,858.9331
1977-10-26,860.043
1977-11-02,861.6313
1977-11-09,863.6474
1977-11-16,865.8598
1977-11-23,866.5754
1977-11-30,868.997
1977-12-07,873.3249
1977-12-14,875.2132
1977-12-21,880.2024
1977-12-28,881.8564
1978-01-04,881.2524
1978-01-11,882.266
1978-01-18,879.8093
1978-01-25,881.9196
1978-02-01,884.2041
1978-02-08,886.8839
1978-02-15,887.606
1978-02-22,888.4432
1978-03-01,893.3942
1978-03-08,897.595
1978-03-15,901.551
1978-03-22,900.8647
1978-03-29,903.1088
1978-04-05,907.9003
1978-04-12,910.7129
1978-04-19,914.4345
1978-04-26,914.9229
1978-05-03,916.1701
1978-05-10,918.3617
1978-05-17,918.832
1978-05-24,921.1077
1978-05-31,927.5734
1978-06-07,930.7082
1978-06-14,932.0811
1978-06-21,934.9719
1978-06-28,937.5672
1978-07-05,938.9497
1978-07-12,940.137
1978-07-19,941.296
1978-07-26,944.4363
1978-08-02,944.782
1978-08-09,944.828
1978-08-16,948.0567
1978-08-23,949.6705
1978-08-30,951.9846
1978-09-06,956.5278
1978-09-13,958.085
1978-09-20,963.2119
1978-09-27,965.6437
1978-10-04,966.2436
1978-10-11,970.0522
1978-10-18,970.6963
1978-10-25,973.8759
1978-11-01,979.0093
1978-11-08,978.61
1978-11-15,983.612
1978-11-22,985.9617
1978-11-29,987.7472
1978-12-06,989.436
1978-12-13,993.0338
1978-12-20,997.9168
1978-12-27,1001.0723
1979-01-03,994.009
1979-01-10,997.9384
1979-01-17,998.1658
1979-01-24,1003.2533
1979-01-31,1003.0688
1979-02-07,1004.4531
1979-02-14,1006.4324
1979-02-21,1009.523
1979-02-28,1011.2247
1979-03-07,1013.8076
1979-03-14,1016.7338
1979-03-21,1022.0613
1979-03-28,1024.8134
1979-04-04,1028.8389
1979-04-11,1033.452
1979-04-18,1036.9081
1979-04-25,1038.4732
1979-05-02,1038.9254
1979-05-09,1042.4794
1979-05-16,1045.64
1979-05-23,1048.7777
1979-05-30,1050.1816
1979-06-06,1054.5588
1979-06-13,1058.2342
1979-06-20,1062.0173
1979-06-27,1065.2979
1979-07-04,1068.2084
1979-07-11,1074.2608
1979-07-18,1074.0402
1979-07-25,1078.262
1979-08-01,1077.9415
1979-08-08,1078.9
1979-08-15,1081.7357
1979-08-22,1083.9171
1979-08-29,1085.6484
1979-09-05,1092.1745
1979-09-12,1095.6205
1979-09-19,1101.3623
1979-09-26,1102.0782
1979-10-03,1100.2006
1979-10-10,1105.1174
1979-10-17,1104.2121
1979-10-24,1104.97
1979-10-31,1104.8039
1979-11-07,1102.4274
1979-11-14,1105.1851
1979-11-21,1103.6959
1979-11-28,1102.8665
1979-12-05,1106.9267
1979-12-12,1109.3383
1979-12-19,1110.4019
1979-12-26,1111.935
1980-01-02,1110.9161
1980-01-09,1113.3075
1980-01-16,1114.0063
1980-01-23,1116.5121
1980-01-30,1115.6049
1980-02-06,1122.7838
1980-02-13,1126.0171
1980-02-20,1130.7715
1980-02-27,1130.8365
1980-03-05,1134.9727
1980-03-12,1137.7391
1980-03-19,1137.6301
1980-03-26,1138.9039
1980-04-02,1140.9894
1980-04-09,1141.392
1980-04-16,1139.379
1980-04-23,1139.2984
1980-04-30,1140.0037
1980-05-07,1135.6716
1980-05-14,1137.9398
1980-05-21,1137.8052
1980-05-28,1137.3376
1980-06-04,1134.7083
1980-06-11,1135.9319
1980-06-18,1136.1372
1980-06-25,1138.966
1980-07-02,1139.0132
1980-07-09,1141.95
1980-07-16,1144.4518
1980-07-23,1147.8602
1980-07-30,1147.6551
1980-08-06,1153.1806
1980-08-13,1153.986
1980-08-20,1158.2987
1980-08-27,1160.4721
1980-09-03,1160.6688
1980-09-10,1162.8088
1980-09-17,1164.5409
1980-09-24,1166.1341
1980-10-01,1171.9224
1980-10-08,1172.906
1980-10-15,1176.6534
1980-10-22,1180.4111
1980-10-29,1183.3956
1980-11-05,1189.8252
1980-11-12,1193.9636
1980-11-19,1195.88
1980-11-26,1200.2973
1980-12-03,1200.2659
1980-12-10,1207.1323
1980-12-17,1206.8186
1980-12-24,1207.9353
1980-12-31,1209.8429
1981-01-07,1210.1056
1981-01-14,1214.0636
1981-01-21,1215.2739
1981-01-28,1217.162
1981-02-04,1218.9052
1981-02-11,1218.8664
1981-02-18,1219.8084
1981-02-25,1222.2329
1981-03-04,1223.8402
1981-03-11,1222.7569
1981-03-18,1224.1955
1981-03-25,1224.8175
1981-04-01,1230.7583
1981-04-08,1229.8242
1981-04-15,1232.6868
1981-04-22,1235.4538
1981-04-29,1239.3042
1981-05-06,1245.146
1981-05-13,1246.4132
1981-05-20,1247.6322
1981-05-27,1250.0673
1981-06-03,1254.1997
1981-06-10,1253.8388
1981-06-17,1258.2996
1981-06-24,1258.0204
1981-07-01,1261.7867
1981-07-08,1259.1122
1981-07-15,1262.3508
1981-07-22,1263.6449
1981-07-29,1266.457
1981-08-05,1271.1281
1981-08-12,1270.2756
1981-08-19,1267.1769
1981-08-26,1272.0373
1981-09-02,1274.0235
1981-09-09,1274.2998
1981-09-16,1275.9348
1981-09-23,1275.3978
1981-09-30,1285.6041
1981-10-07,1281.5583
1981-10-14,1282.4449
1981-10-21,1285.5302
1981-10-28,1284.2704
1981-11-04,1286.2911
1981-11-11,1288.0971
1981-11-18,1288.7857
1981-11-25,1293.4231
1981-12-02,1295.2615
1981-12-09,1284.7978
1981-12-16,1285.794
1981-12-23,1283.139
1981-12-30,1285.1742
1982-01-06,1283.7744
1982-01-13,1288.2709
1982-01-20,1288.9696
1982-01-27,1295.4951
1982-02-03,1297.9664
1982-02-10,1302.4513
1982-02-17,1304.492
1982-02-24,1307.9502
1982-03-03,1305.1615
1982-03-10,1308.2939
1982-03-17,1310.5774
1982-03-24,1312.9758
1982-03-31,1319.8699
1982-04-07,1327.8444
1982-04-14,1325.338
1982-04-21,1325.6388
1982-04-28,1325.1596
1982-05-05,1330.7098
1982-05-12,1332.4197
1982-05-19,1332.6465
1982-05-26,1339.0528
1982-06-02,1338.164
1982-06-09,1343.0416
1982-06-16,1341.4915
1982-06-23,1342.4197
1982-06-30,1346.2365
1982-07-07,1345.661
1982-07-14,1349.1704
1982-07-21,1348.6537
1982-07-28,1352.3263
1982-08-04,1351.712
1982-08-11,1354.2678
1982-08-18,1354.8539
1982-08-25,1355.8288
1982-09-01,1359.4057
1982-09-08,1360.9645
1982-09-15,1364.1927
1982-09-22,1365.4441
1982-09-29,1367.0864
1982-10-06,1370.9729
1982-10-13,1374.0785
1982-10-20,1375.0521
1982-10-27,1376.2131
1982-11-03,1375.5293
1982-11-10,1374.7263
1982-11-17,1373.4456
1982-11-24,1375.4434
1982-12-01,1375.5578
1982-12-08,1381.2567
1982-12-15,1381.5847
1982-12-22,1384.6879
1982-12-29,1381.5345
1983-01-05,1389.3978
1983-01-12,1390.4398
1983-01-19,1392.3926
1983-01-26,1396.8702
1983-02-02,1399.5273
1983-02-09,1398.6385
1983-02-16,1399.7989
1983-02-23,1400.5734
1983-03-02,1409.3735
1983-03-09,1410.1885
1983-03-16,1414.1423
1983-03-23,1417.0822
1983-03-30,1420.6188
1983-04-06,1424.6058
1983-04-13,1423.9546
1983-04-20,1429.2003
1983-04-27,1430.1645
1983-05-04,1431.3104
1983-05-11,1435.5076
1983-05-18,1438.5392
1983-05-25,1441.6828
1983-06-01,1449.6867
1983-06-08,1452.646
1983-06-15,1456.4468
1983-06-22,1456.9079
1983-06-29,1459.3899
1983-07-06,1463.7808
1983-07-13,1462.7297
1983-07-20,1468.3315
1983-07-27,1470.1174
1983-08-03,1473.1312
1983-08-10,1474.6796
1983-08-17,1478.8076
1983-08-24,1482.8445
1983-08-31,1485.0276
1983-09-07,1486.9481
1983-09-14,1488.2242
1983-09-21,1493.1248
1983-09-28,1493.6567
1983-10-05,1499.6835
1983-10-12,1504.3779
1983-10-19,1505.9308
1983-10-26,1513.2891
1983-11-02,1514.217
1983-11-09,1520.8426
1983-11-16,1522.9934
1983-11-23,1524.8604
1983-11-30,1525.5672
1983-12-07,1531.3727
1983-12-14,1534.4067
1983-12-21,1534.4924
1983-12-28,1533.5048
1984-01-04,1535.5814
1984-01-11,1538.4639
1984-01-18,1538.1949
1984-01-25,1540.6374
1984-02-01,1546.2331
1984-02-08,1551.4433
1984-02-15,1561.9858
1984-02-22,1561.1439
1984-02-29,1567.1403
1984-03-07,1568.5382
1984-03-14,1574.6253
1984-03-21,1575.6897
1984-03-28,1576.6937
1984-04-04,1586.2912
1984-04-11,1584.3952
1984-04-18,1593.242
1984-04-25,1598.0424
1984-05-02,1599.4862
1984-05-09,1604.8112
1984-05-16,1605.6007
1984-05-23,1610.869
1984-05-30,1613.9166
1984-06-06,1617.8633
1984-06-13,1617.7083
1984-06-20,1622.1593
1984-06-27,1625.8716
1984-07-04,1629.0122
1984-07-11,1633.393
1984-07-18,1631.1221
1984-07-25,1638.459
1984-08-01,1637.5313
1984-08-08,1639.407
1984-08-15,1642.7117
1984-08-22,1644.6731
1984-08-29,1645.8431
1984-09-05,1647.3261
1984-09-12,1654.9004
1984-09-19,1657.8551
1984-09-26,1659.0939
1984-10-03,1656.4697
1984-10-10,1664.0927
1984-10-17,1664.2809
1984-10-24,1667.2263
1984-10-31,1677.3993
1984-11-07,1679.0543
1984-11-14,1683.1042
1984-11-21,1683.3593
1984-11-28,1679.5113
1984-12-05,1689.6434
1984-12-12,1693.0082
1984-12-19,1698.3171
1984-12-26,1700.3957
1985-01-02,1695.7083
1985-01-09,1700.6569
1985-01-16,1700.3702
1985-01-23,1706.4015
1985-01-30,1708.0116
1985-02-06,1713.461
1985-02-13,1715.5888
1985-02-20,1724.8985
1985-02-27,1728.8097
1985-03-06,1732.7547
1985-03-13,1734.6884
1985-03-20,1736.4462
1985-03-27,1737.7889
1985-04-03,1737.2099
1985-04-10,1734.2792
1985-04-17,1733.9516
1985-04-24,1738.6909
1985-05-01,1739.6495
1985-05-08,1745.7307
1985-05-15,1753.8812
1985-05-22,1756.5915
1985-05-29,1757.4661
1985-06-05,1762.1754
1985-06-12,1765.9738
1985-06-19,1772.6433
1985-06-26,1775.0666
1985-07-03,1779.8287
1985-07-10,1780.3346
1985-07-17,1782.2786
1985-07-24,1782.5566
1985-07-31,1785.9164
1985-08-07,1784.5438
1985-08-14,1788.6022
1985-08-21,1793.7002
1985-08-28,1795.0555
1985-09-04,1798.4666
1985-09-11,1804.4156
1985-09-18,1804.658
1985-09-25,1811.1106
1985-10-02,1808.9116
1985-10-09,1811.5222
1985-10-16,1810.2233
1985-10-23,1811.0344
1985-10-30,1815.6004
1985-11-06,1825.3528
1985-11-13,1826.409
1985-11-20,1836.9161
1985-11-27,1842.2927
1985-12-04,1841.794
1985-12-11,1845.2662
1985-12-18,1857.9211
1985-12-25,1858.8095
1986-01-01,1879.2757
1986-01-08,1880.9183
1986-01-15,1886.5628
1986-01-22,1883.8829
1986-01-29,1882.2885
1986-02-05,1883.779
1986-02-12,1883.4884
1986-02-19,1890.2377
1986-02-26,1891.6786
1986-03-05,1893.2545
1986-03-12,1897.6459
1986-03-19,1901.0519
1986-03-26,1900.9986
1986-04-02,1909.0669
1986-04-09,1913.7232
1986-04-16,1913.393
1986-04-23,1910.995
1986-04-30,1918.2122
1986-05-07,1918.0204
1986-05-14,1921.8884
1986-05-21,1923.159
1986-05-28,1928.0135
1986-06-04,1928.1264
1986-06-11,1930.3958
1986-06-18,1930.8336
1986-06-25,1940.956
1986-07-02,1944.4052
1986-07-09,1947.5835
1986-07-16,1956.5141
1986-07-23,1962.0595
1986-07-30,1962.9165
1986-08-06,1969.3808
1986-08-13,1968.4605
1986-08-20,1974.5391
1986-08-27,1986.6032
1986-09-03,1992.7393
1986-09-10,1991.6106
1986-09-17,1998.0393
1986-09-24,1995.9935
1986-10-01,2002.5637
1986-10-08,1995.9838
1986-10-15,1997.0967
1986-10-22,1998.8745
1986-10-29,2001.0853
1986-11-05,2006.6243
1986-11-12,2017.5257
1986-11-19,2013.1875
1986-11-26,2026.9725
1986-12-03,2031.4167
1986-12-10,2037.2344
1986-12-17,2040.1158
1986-12-24,2065.754
1986-12-31,2080.29
1987-01-07,2076.6893
1987-01-14,2070.1644
1987-01-21,2072.1807
1987-01-28,2078.4469
1987-02-04,2073.2561
1987-02-11,2073.0021
1987-02-18,2074.7174
1987-02-25,2082.3895
1987-03-04,2082.8381
1987-03-11,2083.0683
1987-03-18,2088.0787
1987-03-25,2087.4531
1987-04-01,2100.7455
1987-04-08,2105.8973
1987-04-15,2112.5752
1987-04-22,2114.7485
1987-04-29,2116.3224
1987-05-06,2117.2445
1987-05-13,2115.9196
1987-05-20,2123.0083
1987-05-27,2125.6491
1987-06-03,2125.03
1987-06-10,2128.9289
1987-06-17,2130.3158
1987-06-24,2129.708
1987-07-01,2125.034
1987-07-08,2131.1447
1987-07-15,2134.9476
1987-07-22,2132.7941
1987-07-29,2136.5696
1987-08-05,2140.4279
1987-08-12,2145.4165
1987-08-19,2144.316
1987-08-26,2148.6757
1987-09-02,2149.3538
1987-09-09,2161.5741
1987-09-16,2167.5698
1987-09-23,2170.9643
1987-09-30,2179.2739
1987-10-07,2172.1105
1987-10-14,2174.6708
1987-10-21,2187.1872
1987-10-28,2189.9554
1987-11-04,2182.1185
1987-11-11,2183.0242
1987-11-18,2185.2401
1987-11-25,2185.6237
1987-12-02,2187.2334
1987-12-09,2194.5558
1987-12-16,2197.1315
1987-12-23,2200.613
1987-12-30,2203.1048
1988-01-06,2207.4013
1988-01-13,2209.9766
1988-01-20,2211.2549
1988-01-27,2217.2743
1988-02-03,2219.2145
1988-02-10,2216.864
1988-02-17,2220.1774
1988-02-24,2224.0598
1988-03-02,2229.898
1988-03-09,2233.4264
1988-03-16,2237.1425
1988-03-23,2237.919
1988-03-30,2245.2737
1988-04-06,2258.7339
1988-04-13,2251.9502
1988-04-20,2259.476
1988-04-27,2263.501
1988-05-04,2270.2205
1988-05-11,2276.6217
1988-05-18,2274.4059
1988-05-25,2284.9923
1988-06-01,2289.2487
1988-06-08,2292.2438
1988-06-15,2297.4857
1988-06-22,2300.1663
1988-06-29,2304.5248
1988-07-06,2312.1802
1988-07-13,2311.459
1988-07-20,2314.6099
1988-07-27,2316.4588
1988-08-03,2318.226
1988-08-10,2322.6177
1988-08-17,2322.1429
1988-08-24,2324.5311
1988-08-31,2326.6448
1988-09-07,2323.508
1988-09-14,2325.2726
1988-09-21,2331.8703
1988-09-28,2333.9858
1988-10-05,2338.1001
1988-10-12,2343.1135
1988-10-19,2340.789
1988-10-26,2342.7126
1988-11-02,2346.0529
1988-11-09,2348.4741
1988-11-16,2356.3229
1988-11-23,2361.388
1988-11-30,2363.7602
1988-12-07,2367.5709
1988-12-14,2366.0289
1988-12-21,2371.1155
1988-12-28,2368.5305
1989-01-04,2363.5717
1989-01-11,2372.1352
1989-01-18,2378.0933
1989-01-25,2379.904
1989-02-01,2378.4421
1989-02-08,2391.9979
1989-02-15,2397.4218
1989-02-22,2396.3256
1989-03-01,2396.8518
1989-03-08,2394.6848
1989-03-15,2402.1987
1989-03-22,2401.7672
1989-03-29,2412.6676
1989-04-05,2416.5955
1989-04-12,2415.5855
1989-04-19,2422.6743
1989-04-26,2425.9954
1989-05-03,2428.8404
1989-05-10,2431.6524
1989-05-17,2436.1005
1989-05-24,2444.359
1989-05-31,2446.2819
1989-06-07,2444.8815
1989-06-14,2445.3082
1989-06-21,2452.2827
1989-06-28,2455.9103
1989-07-05,2462.791
1989-07-12,2464.1287
1989-07-19,2468.7253
1989-07-26,2482.6849
1989-08-02,2478.0098
1989-08-09,2482.8181
1989-08-16,2486.2845
1989-08-23,2491.0817
1989-08-30,2490.0644
1989-09-06,2495.9029
1989-09-13,2496.0946
1989-09-20,2500.7978
1989-09-27,2500.4863
1989-10-04,2502.8441
1989-10-11,2512.7909
1989-10-18,2516.1874
1989-10-25,2524.7211
1989-11-01,2532.6207
1989-11-08,2525.4022
1989-11-15,2530.5893
1989-11-22,2533.0503
1989-11-29,2530.1402
1989-12-06,2536.7936
1989-12-13,2542.8315
1989-12-20,2540.5887
1989-12-27,2535.4247
1990-01-03,2535.6396
1990-01-10,2548.2572
1990-01-17,2550.8486
1990-01-24,2558.5763
1990-01-31,2562.9783
1990-02-07,2565.0623
1990-02-14,2567.7585
1990-02-21,2577.6438
1990-02-28,2576.6616
1990-03-07,2578.6109
1990-03-14,2578.6206
1990-03-21,2585.7988
1990-03-28,2583.7709
1990-04-04,2585.0771
1990-04-11,2591.0192
1990-04-18,2597.1475
1990-04-25,2599.2815
1990-05-02,2601.1753
1990-05-09,2603.6526
1990-05-16,2605.3228
1990-05-23,2611.0817
1990-05-30,2608.5526
1990-06-06,2617.3533
1990-06-13,2621.8743
1990-06-20,2627.0969
1990-06-27,2628.5302
1990-07-04,2620.3937
1990-07-11,2626.9553
1990-07-18,2633.2303
1990-07-25,2633.6059
1990-08-01,2634.9167
1990-08-08,2634.4459
1990-08-15,2642.9694
1990-08-22,2644.4721
1990-08-29,2642.129
1990-09-05,2646.3577
1990-09-12,2644.9834
1990-09-19,2649.3271
1990-09-26,2645.6551
1990-10-03,2648.6854
1990-10-10,2652.6191
1990-10-17,2654.1176
1990-10-24,2659.2762
1990-10-31,2660.7895
1990-11-07,2659.6826
1990-11-14,2661.9047
1990-11-21,2664.0504
1990-11-28,2660.2945
1990-12-05,2669.6909
1990-12-12,2674.4236
1990-12-19,2675.0352
1990-12-26,2677.9421
1991-01-02,2664.5009
1991-01-09,2668.0717
1991-01-16,2669.8142
1991-01-23,2678.6411
1991-01-30,2671.1852
1991-02-06,2673.7299
1991-02-13,2677.8561
1991-02-20,2684.6458
1991-02-27,2686.4838
1991-03-06,2689.8409
1991-03-13,2696.9468
1991-03-20,2700.4129
1991-03-27,2700.2479
1991-04-03,2699.8892
1991-04-10,2697.1526
1991-04-17,2697.0347
1991-04-24,2699.8445
1991-05-01,2705.1436
1991-05-08,2698.4643
1991-05-15,2702.6245
1991-05-22,2703.7491
1991-05-29,2705.4613
1991-06-05,2707.3377
1991-06-12,2712.3057
1991-06-19,2708.4937
1991-06-26,2718.2188
1991-07-03,2707.408
1991-07-10,2714.3397
1991-07-17,2707.7431
1991-07-24,2711.7702
1991-07-31,2713.7963
1991-08-07,2709.4618
1991-08-14,2708.1207
1991-08-21,2711.9147
1991-08-28,2711.6699
1991-09-04,2715.3753
1991-09-11,2718.0574
1991-09-18,2723.4815
1991-09-25,2724.2063
1991-10-02,2728.6684
1991-10-09,2733.2143
1991-10-16,2740.3294
1991-10-23,2740.4695
1991-10-30,2742.3003
1991-11-06,2746.0237
1991-11-13,2753.9196
1991-11-20,2753.5182
1991-11-27,2759.5517
1991-12-04,2759.2891
1991-12-11,2765.8948
1991-12-18,2768.5448
1991-12-25,2777.3226
1992-01-01,2774.2755
1992-01-08,2775.0218
1992-01-15,2775.1028
1992-01-22,2778.7896
1992-01-29,2780.9789
1992-02-05,2789.6549
1992-02-12,2781.3355
1992-02-19,2783.3552
1992-02-26,2780.0954
1992-03-04,2785.3047
1992-03-11,2786.4863
1992-03-18,2782.4722
1992-03-25,2792.4538
1992-04-01,2795.775
1992-04-08,2791.143
1992-04-15,2802.9339
1992-04-22,2795.0799
1992-04-29,2792.9713
1992-05-06,2801.4395
1992-05-13,2806.5364
1992-05-20,2799.8691
1992-05-27,2800.3117
1992-06-03,2799.8308
1992-06-10,2804.7084
1992-06-17,2803.2606
1992-06-24,2808.5929
1992-07-01,2809.5045
1992-07-08,2809.1061
1992-07-15,2814.7883
1992-07-22,2815.9106
1992-07-29,2807.0828
1992-08-05,2819.3016
1992-08-12,2820.0872
1992-08-19,2819.2222
1992-08-26,2823.0345
1992-09-02,2827.6902
1992-09-09,2828.7231
1992-09-16,2831.08
1992-09-23,2832.404
1992-09-30,2843.2344
1992-10-07,2835.6885
1992-10-14,2840.3601
1992-10-21,2838.5661
1992-10-28,2840.6185
1992-11-04,2842.5456
1992-11-11,2848.1208
1992-11-18,2844.9021
1992-11-25,2852.0076
1992-12-02,2854.1029
1992-12-09,2858.0696
1992-12-16,2856.957
1992-12-23,2862.1433
1992-12-30,2866.9807
1993-01-06,2859.8932
1993-01-13,2858.1876
1993-01-20,2859.6131
1993-01-27,2856.5523
1993-02-03,2869.1346
1993-02-10,2866.7547
1993-02-17,2869.1682
1993-02-24,2870.4002
1993-03-03,2875.047
1993-03-10,2876.2255
1993-03-17,2884.0579
1993-03-24,2883.1879
1993-03-31,2891.3078
1993-04-07,2886.6603
1993-04-14,2889.1292
1993-04-21,2891.3834
1993-04-28,2899.2081
1993-05-05,2901.0674
1993-05-12,2907.6602
1993-05-19,2906.3491
1993-05-26,2911.3052
1993-06-02,2924.4092
1993-06-09,2924.5086
1993-06-16,2924.2729
1993-06-23,2927.0896
1993-06-30,2940.5136
1993-07-07,2943.6998
1993-07-14,2940.2185
1993-07-21,2943.8628
1993-07-28,2943.7671
1993-08-04,2957.9556
1993-08-11,2954.0889
1993-08-18,2954.1991
1993-08-25,2951.3728
1993-09-01,2952.9458
1993-09-08,2952.9625
1993-09-15,2963.6706
1993-09-22,2962.0238
1993-09-29,2963.4916
1993-10-06,2962.3964
1993-10-13,2965.2866
1993-10-20,2962.3906
1993-10-27,2962.2682
1993-11-03,2966.5737
1993-11-10,2976.4844
1993-11-17,2970.2515
1993-11-24,2973.183
1993-12-01,2985.9343
1993-12-08,2985.6682
1993-12-15,2993.7248
1993-12-22,2992.7585
1993-12-29,2996.7497
1994-01-05,3011.1696
1994-01-12,3012.2216
1994-01-19,3006.2581
1994-01-26,2999.1199
1994-02-02,3002.5966
1994-02-09,3007.9606
1994-02-16,3007.863
1994-02-23,3002.9135
1994-03-02,3020.0729
1994-03-09,3027.198
1994-03-16,3034.2191
1994-03-23,3043.2615
1994-03-30,3052.1261
1994-04-06,3055.737
1994-04-13,3054.8047
1994-04-20,3060.3372
1994-04-27,3057.5432
1994-05-04,3055.3145
1994-05-11,3062.2762
1994-05-18,3059.2885
1994-05-25,3063.6285
1994-06-01,3066.8792
1994-06-08,3064.6016
1994-06-15,3079.2468
1994-06-22,3078.6078
1994-06-29,3084.9443
1994-07-06,3096.072
1994-07-13,3102.0527
1994-07-20,3105.5585
1994-07-27,3109.862
1994-08-03,3103.9198
1994-08-10,3108.6032
1994-08-17,3115.4898
1994-08-24,3118.9184
1994-08-31,3127.3385
1994-09-07,3119.35
1994-09-14,3129.4035
1994-09-21,3136.0334
1994-09-28,3131.3577
1994-10-05,3132.4748
1994-10-12,3136.4637
1994-10-19,3141.521
1994-10-26,3141.9468
1994-11-02,3147.4358
1994-11-09,3142.7977
1994-11-16,3153.6478
1994-11-23,3149.2797
1994-11-30,3156.8511
1994-12-07,3160.2551
1994-12-14,3166.7117
1994-12-21,3180.3597
1994-12-28,3182.4211
1995-01-04,3188.1605
1995-01-11,3194.6039
1995-01-18,3200.6388
1995-01-25,3204.2107
1995-02-01,3210.7432
1995-02-08,3203.8727
1995-02-15,3205.3952
1995-02-22,3206.7093
1995-03-01,3210.8337
1995-03-08,3206.8406
1995-03-15,3218.0246
1995-03-22,3216.4352
1995-03-29,3216.1956
1995-04-05,3257.035
1995-04-12,3263.4244
1995-04-19,3274.5605
1995-04-26,3277.1682
1995-05-03,3278.8535
1995-05-10,3284.463
1995-05-17,3281.5082
1995-05-24,3293.3009
1995-05-31,3300.0531
1995-06-07,3299.6302
1995-06-14,3301.236
1995-06-21,3311.0569
1995-06-28,3309.2448
1995-07-05,3322.9428
1995-07-12,3330.132
1995-07-19,3333.0072
1995-07-26,3338.9682
1995-08-02,3340.4072
1995-08-09,3348.4609
1995-08-16,3354.395
1995-08-23,3361.3808
1995-08-30,3356.6404
1995-09-06,3361.2851
1995-09-13,3367.5422
1995-09-20,3380.4821
1995-09-27,3381.3499
1995-10-04,3370.2752
1995-10-11,3371.0114
1995-10-18,3369.6694
1995-10-25,3381.0804
1995-11-01,3384.4415
1995-11-08,3380.9858
1995-11-15,3386.679
1995-11-22,3393.0695
1995-11-29,3385.1589
1995-12-06,3389.6713
1995-12-13,3394.8609
1995-12-20,3406.0195
1995-12-27,3404.7584
1996-01-03,3411.4697
1996-01-10,3418.1186
1996-01-17,3416.422
1996-01-24,3418.3057
1996-01-31,3423.4274
1996-02-07,3422.224
1996-02-14,3430.5247
1996-02-21,3439.1656
1996-02-28,3440.4657
1996-03-06,3424.1226
1996-03-13,3437.5189
1996-03-20,3446.8535
1996-03-27,3453.1455
1996-04-03,3442.2221
1996-04-10,3456.8903
1996-04-17,3461.013
1996-04-24,3466.7174
1996-05-01,3467.9963
1996-05-08,3465.8327
1996-05-15,3469.5801
1996-05-22,3473.618
1996-05-29,3464.7588
1996-06-05,3468.3685
1996-06-12,3480.9087
1996-06-19,3483.4113
1996-06-26,3490.7987
1996-07-03,3490.3293
1996-07-10,3496.9741
1996-07-17,3484.9513
1996-07-24,3491.2124
1996-07-31,3479.3447
1996-08-07,3494.8771
1996-08-14,3496.7269
1996-08-21,3499.7384
1996-08-28,3497.5182
1996-09-04,3504.0922
1996-09-11,3514.718
1996-09-18,3507.2852
1996-09-25,3529.9072
1996-10-02,3548.1862
1996-10-09,3549.1111
1996-10-16,3552.3581
1996-10-23,3548.4614
1996-10-30,3546.9803
1996-11-06,3554.6385
1996-11-13,3561.6087
1996-11-20,3565.237
1996-11-27,3581.9964
1996-12-04,3576.4804
1996-12-11,3586.6378
1996-12-18,3584.0556
1996-12-25,3591.421
1997-01-01,3596.4534
1997-01-08,3609.635
1997-01-15,3604.3454
1997-01-22,3618.0746
1997-01-29,3617.5579
1997-02-05,3620.7202
1997-02-12,3624.7217
1997-02-19,3630.3333
1997-02-26,3628.8219
1997-03-05,3638.3252
1997-03-12,3653.0694
1997-03-19,3656.1354
1997-03-26,3672.3656
1997-04-02,3670.6562
1997-04-09,3679.3746
1997-04-16,3695.5734
1997-04-23,3704.2282
1997-04-30,3724.0173
1997-05-07,3712.8641
1997-05-14,3718.6429
1997-05-21,3724.6052
1997-05-28,3728.9293
1997-06-04,3735.4717
1997-06-11,3742.8405
1997-06-18,3744.0878
1997-06-25,3752.5523
1997-07-02,3767.7186
1997-07-09,3765.3826
1997-07-16,3772.6111
1997-07-23,3775.1678
1997-07-30,3782.5895
1997-08-06,3778.423
1997-08-13,3771.8876
1997-08-20,3789.2323
1997-08-27,3793.8207
1997-09-03,3806.6925
1997-09-10,3808.6391
1997-09-17,3813.2731
1997-09-24,3815.4903
1997-10-01,3822.8384
1997-10-08,3827.1372
1997-10-15,3822.1268
1997-10-22,3829.8629
1997-10-29,3833.6143
1997-11-05,3850.9501
1997-11-12,3861.4761
1997-11-19,3855.352
1997-11-26,3878.0461
1997-12-03,3874.1027
1997-12-10,3865.6991
1997-12-17,3878.4594
1997-12-24,3897.8537
1997-12-31,3906.0094
1998-01-07,3915.0222
1998-01-14,3916.653
1998-01-21,3934.0777
1998-01-28,3929.7534
1998-02-04,3940.4025
1998-02-11,3943.7345
1998-02-18,3953.6805
1998-02-25,3962.8009
1998-03-04,3988.9964
1998-03-11,3990.8953
1998-03-18,3989.9006
1998-03-25,3995.8999
1998-04-01,4015.4714
1998-04-08,4009.6869
1998-04-15,4006.7636
1998-04-22,3994.1506
1998-04-29,4011.3215
1998-05-06,4028.6753
1998-05-13,4017.4453
1998-05-20,4019.7774
1998-05-27,4028.9088
1998-06-03,4036.2673
1998-06-10,4032.7269
1998-06-17,4034.7142
1998-06-24,4043.0846
1998-07-01,4056.6895
1998-07-08,4042.5105
1998-07-15,4050.0165
1998-07-22,4050.594
1998-07-29,4066.5207
1998-08-05,4074.4783
1998-08-12,4084.8401
1998-08-19,4091.1885
1998-08-26,4109.4807
1998-09-02,4125.38
1998-09-09,4111.2742
1998-09-16,4118.2459
1998-09-23,4132.7539
1998-09-30,4132.0035
1998-10-07,4133.2535
1998-10-14,4155.1686
1998-10-21,4182.6372
1998-10-28,4204.4672
1998-11-04,4217.4271
1998-11-11,4223.2295
1998-11-18,4228.0351
1998-11-25,4235.5907
1998-12-02,4232.8751
1998-12-09,4243.9967
1998-12-16,4234.1271
1998-12-23,4232.9028
1998-12-30,4245.3278
1999-01-06,4248.7246
1999-01-13,4256.6728
1999-01-20,4251.9066
1999-01-27,4241.4679
1999-02-03,4240.455
1999-02-10,4244.221
1999-02-17,4235.0022
1999-02-24,4234.2249
1999-03-03,4246.813
1999-03-10,4251.5286
1999-03-17,4259.0661
1999-03-24,4270.3468
1999-03-31,4274.672
1999-04-07,4268.5688
1999-04-14,4282.1628
1999-04-21,4284.5791
1999-04-28,4272.8736
1999-05-05,4275.8778
1999-05-12,4286.7658
1999-05-19,4281.9808
1999-05-26,4287.7538
1999-06-02,4291.7499
1999-06-09,4297.4212
1999-06-16,4317.7632
1999-06-23,4330.274
1999-06-30,4328.5092
1999-07-07,4320.6314
1999-07-14,4334.5634
1999-07-21,4339.0496
1999-07-28,4326.2493
1999-08-04,4326.5473
1999-08-11,4340.8895
1999-08-18,4354.0033
1999-08-25,4359.8228
1999-09-01,4370.5379
1999-09-08,4359.411
1999-09-15,4375.7149
1999-09-22,4400.1857
1999-09-29,4397.4939
1999-10-06,4400.0166
1999-10-13,4406.0193
1999-10-20,4416.8751
1999-10-27,4424.4443
1999-11-03,4422.323
1999-11-10,4430.3658
1999-11-17,4451.2642
1999-11-24,4462.5274
1999-12-01,4471.495
1999-12-08,4476.887
1999-12-15,4496.9348
1999-12-22,4522.2603
1999-12-29,4524.5408
2000-01-05,4515.0607
2000-01-12,4531.266
2000-01-19,4544.7795
2000-01-26,4554.4469
2000-02-02,4552.5978
2000-02-09,4547.7217
2000-02-16,4555.7949
2000-02-23,4568.0233
2000-03-01,4586.171
2000-03-08,4590.5852
2000-03-15,4619.0447
2000-03-22,4627.1005
2000-03-29,4621.0348
2000-04-05,4635.2749
2000-04-12,4646.3412
2000-04-19,4657.9083
2000-04-26,4672.2433
2000-05-03,4680.9532
2000-05-10,4696.2527
2000-05-17,4698.0366
2000-05-24,4721.8347
2000-05-31,4720.5018
2000-06-07,4726.4929
2000-06-14,4734.8872
2000-06-21,4762.5093
2000-06-28,4753.5589
2000-07-05,4762.6234
2000-07-12,4766.7504
2000-07-19,4779.775
2000-07-26,4787.5743
2000-08-02,4791.2705
2000-08-09,4791.7847
2000-08-16,4804.9072
2000-08-23,4810.4278
2000-08-30,4804.227
2000-09-06,4817.7652
2000-09-13,4807.0617
2000-09-20,4844.7578
2000-09-27,4837.5427
2000-10-04,4816.9703
2000-10-11,4817.2182
2000-10-18,4810.9224
2000-10-25,4813.8547
2000-11-01,4821.8258
2000-11-08,4810.4425
2000-11-15,4831.6483
2000-11-22,4839.5146
2000-11-29,4837.3691
2000-12-06,4840.4968
2000-12-13,4850.7768
2000-12-20,4869.9319
2000-12-27,4885.0447
2001-01-03,4890.6969
2001-01-10,4890.0796
2001-01-17,4896.6242
2001-01-24,4905.3318
2001-01-31,4919.8776
2001-02-07,4897.9534
2001-02-14,4902.3912
2001-02-21,4903.0416
2001-02-28,4916.4202
2001-03-07,4912.3323
2001-03-14,4902.4368
2001-03-21,4915.4902
2001-03-28,4922.1519
2001-04-04,4915.2005
2001-04-11,4930.5266
2001-04-18,4926.8616
2001-04-25,4941.556
2001-05-02,4946.5704
2001-05-09,4944.4722
2001-05-16,4953.4018
2001-05-23,4955.6507
2001-05-30,4962.7881
2001-06-06,4963.2762
2001-06-13,4950.9761
2001-06-20,4949.158
2001-06-27,4953.3802
2001-07-04,4936.094
2001-07-11,4945.1821
2001-07-18,4949.7603
2001-07-25,4951.7039
2001-08-01,4963.2497
2001-08-08,4945.5868
2001-08-15,4944.585
2001-08-22,4946.4613
2001-08-29,4951.7262
2001-09-05,4961.9481
2001-09-12,5100.9367
2001-09-19,5030.8416
2001-09-26,5008.115
2001-10-03,5004.8992
2001-10-10,4993.2115
2001-10-17,4998.3579
2001-10-24,4989.2886
2001-10-31,5017.468
2001-11-07,5019.0319
2001-11-14,5020.6887
2001-11-21,5032.8905
2001-11-28,5031.5042
2001-12-05,5069.1316
2001-12-12,5070.2835
2001-12-19,5059.8387
2001-12-26,5064.3543
2002-01-02,5066.2573
2002-01-09,5057.2554
2002-01-16,5042.193
2002-01-23,5041.4932
2002-01-30,5035.4209
2002-02-06,5058.199
2002-02-13,5053.9059
2002-02-20,5058.0967
2002-02-27,5056.0792
2002-03-06,5051.1716
2002-03-13,5051.2549
2002-03-20,5086.51
2002-03-27,5082.2458
2002-04-03,5074.7023
2002-04-10,5081.4137
2002-04-17,5082.9828
2002-04-24,5078.3469
2002-05-01,5066.4049
2002-05-08,5067.6376
2002-05-15,5085.5061
2002-05-22,5092.4245
2002-05-29,5090.0859
2002-06-05,5105.964
2002-06-12,5109.9757
2002-06-19,5120.8689
2002-06-26,5123.6087
2002-07-03,5113.397
2002-07-10,5126.4503
2002-07-17,5125.7204
2002-07-24,5153.5685
2002-07-31,5157.0808
2002-08-07,5167.3267
2002-08-14,5186.6983
2002-08-21,5197.9069
2002-08-28,5221.6735
2002-09-04,5247.1537
2002-09-11,5229.2771
2002-09-18,5246.4185
2002-09-25,5262.0487
2002-10-02,5305.3685
2002-10-09,5317.5191
2002-10-16,5320.0461
2002-10-23,5346.5585
2002-10-30,5352.0359
2002-11-06,5371.694
2002-11-13,5393.6163
2002-11-20,5386.486
2002-11-27,5410.9928
2002-12-04,5423.3106
2002-12-11,5466.4105
2002-12-18,5450.1868
2002-12-25,5464.9185
2003-01-01,5466.7652
2003-01-08,5481.484
2003-01-15,5473.0015
2003-01-22,5469.0379
2003-01-29,5456.9715
2003-02-05,5495.3478
2003-02-12,5506.7351
2003-02-19,5512.3216
2003-02-26,5517.3307
2003-03-05,5537.4404
2003-03-12,5551.1617
2003-03-19,5530.8201
2003-03-26,5523.869
2003-04-02,5557.7752
2003-04-09,5561.7535
2003-04-16,5564.1694
2003-04-23,5600.4391
2003-04-30,5624.9994
2003-05-07,5633.4402
2003-05-14,5646.2008
2003-05-21,5643.3882
2003-05-28,5659.5128
2003-06-04,5673.2654
2003-06-11,5684.9981
2003-06-18,5688.7844
2003-06-25,5679.6724
2003-07-02,5751.5173
2003-07-09,5746.7334
2003-07-16,5703.4574
2003-07-23,5729.6989
2003-07-30,5736.6348
2003-08-06,5754.4504
2003-08-13,5729.3615
2003-08-20,5734.4663
2003-08-27,5720.6633
2003-09-03,5749.1273
2003-09-10,5750.7824
2003-09-17,5735.0306
2003-09-24,5708.6036
2003-10-01,5717.0557
2003-10-08,5692.9593
2003-10-15,5706.4766
2003-10-22,5700.9388
2003-10-29,5687.9284
2003-11-05,5719.0307
2003-11-12,5732.9942
2003-11-19,5723.966
2003-11-26,5728.7855
2003-12-03,5724.325
2003-12-10,5735.5799
2003-12-17,5822.6889
2003-12-24,5815.3361
2003-12-31,5810.9393
2004-01-07,5803.09
2004-01-14,5803.7893
2004-01-21,5828.7529
2004-01-28,5832.2358
2004-02-04,5836.0108
2004-02-11,5856.522
2004-02-18,5943.6962
2004-02-25,5932.1289
2004-03-03,5934.5358
2004-03-10,5956.9733
2004-03-17,5965.247
2004-03-24,5997.0465
2004-03-31,6017.1515
2004-04-07,6001.9423
2004-04-14,6029.6028
2004-04-21,6046.8772
2004-04-28,6050.7809
2004-05-05,6063.5531
2004-05-12,6062.1812
2004-05-19,6065.4793
2004-05-26,6074.3347
2004-06-02,6067.3503
2004-06-09,6088.0561
2004-06-16,6110.8339
2004-06-23,6114.4725
2004-06-30,6128.7263
2004-07-07,6127.4713
2004-07-14,6149.3457
2004-07-21,6143.7569
2004-07-28,6123.1234
2004-08-04,6124.9878
2004-08-11,6153.2555
2004-08-18,6170.7614
2004-08-25,6183.8131
2004-09-01,6198.1298
2004-09-08,6205.5362
2004-09-15,6234.8411
2004-09-22,6245.8449
2004-09-29,6234.5837
2004-10-06,6235.7812
2004-10-13,6257.3693
2004-10-20,6266.0284
2004-10-27,6268.6396
2004-11-03,6269.0647
2004-11-10,6278.847
2004-11-17,6292.1502
2004-11-24,6315.7473
2004-12-01,6335.9294
2004-12-08,6339.4075
2004-12-15,6357.7935
2004-12-22,6380.7436
2004-12-29,6399.5183
2005-01-05,6456.2943
2005-01-12,6475.3204
2005-01-19,6506.5008
2005-01-26,6505.6198
2005-02-02,6520.1742
2005-02-09,6526.1057
2005-02-16,6542.6916
2005-02-23,6585.793
2005-03-02,6591.3941
2005-03-09,6601.7603
2005-03-16,6635.6852
2005-03-23,6648.5592
2005-03-30,6628.6196
2005-04-06,6638.8009
2005-04-13,6642.2003
2005-04-20,6679.8738
2005-04-27,6671.5069
2005-05-04,6673.501
2005-05-11,6701.752
2005-05-18,6713.8156
2005-05-25,6744.9278
2005-06-01,6741.1887
2005-06-08,6753.9078
2005-06-15,6704.824
2005-06-22,6766.9084
2005-06-29,6774.0998
2005-07-06,6789.3429
2005-07-13,6824.0186
2005-07-20,6856.7045
2005-07-27,6861.728
2005-08-03,6878.4487
2005-08-10,6884.5388
2005-08-17,6903.9221
2005-08-24,6917.7805
2005-08-31,6910.9728
2005-09-07,6912.7858
2005-09-14,6919.8869
2005-09-21,6959.7182
2005-09-28,6961.1465
2005-10-05,6959.4265
2005-10-12,6963.474
2005-10-19,6987.3714
2005-10-26,6981.6682
2005-11-02,6959.4909
2005-11-09,6964.547
2005-11-16,6995.6323
2005-11-23,7018.7665
2005-11-30,6999.6365
2005-12-07,7045.7807
2005-12-14,7063.3685
2005-12-21,7074.76
2005-12-28,7095.3838
2006-01-04,7083.1309
2006-01-11,7089.4474
2006-01-18,7120.5623
2006-01-25,7145.7471
2006-02-01,7151.5626
2006-02-08,7142.8467
2006-02-15,7165.6523
2006-02-22,7183.5744
2006-03-01,7202.7456
2006-03-08,7181.9189
2006-03-15,7218.9442
2006-03-22,7233.0937
2006-03-29,7237.4337
2006-04-05,7255.7153
2006-04-12,7293.6437
2006-04-19,7332.8262
2006-04-26,7341.6569
2006-05-03,7357.7913
2006-05-10,7365.3238
2006-05-17,7393.7425
2006-05-24,7419.218
2006-05-31,7420.0387
2006-06-07,7413.8088
2006-06-14,7445.7283
2006-06-21,7442.7724
2006-06-28,7429.1841
2006-07-05,7438.256
2006-07-12,7450.6838
2006-07-19,7487.0395
2006-07-26,7496.8034
2006-08-02,7508.5629
2006-08-09,7498.4233
2006-08-16,7528.3584
2006-08-23,7552.7646
2006-08-30,7543.7842
2006-09-06,7546.4869
2006-09-13,7514.5989
2006-09-20,7547.9721
2006-09-27,7525.4403
2006-10-04,7671.9683
2006-10-11,7694.7083
2006-10-18,7698.1564
2006-10-25,7705.5697
2006-11-01,7736.4647
2006-11-08,7718.9045
2006-11-15,7730.7767
2006-11-22,7768.6905
2006-11-29,7779.7353
2006-12-06,7793.3883
2006-12-13,7796.8757
2006-12-20,7874.5575
2006-12-27,7877.4252
2007-01-03,7855.4417
2007-01-10,7868.9499
2007-01-17,7882.509
2007-01-24,7894.6375
2007-01-31,7909.4757
2007-02-07,7909.2427
2007-02-14,7927.6917
2007-02-21,7941.0945
2007-02-28,7960.0234
2007-03-07,7938.6799
2007-03-14,7854.0949
2007-03-21,7865.4239
2007-03-28,7895.9426
2007-04-04,7927.0909
2007-04-11,7945.6094
2007-04-18,7950.8133
2007-04-25,7964.1908
2007-05-02,7968.5264
2007-05-09,7971.5201
2007-05-16,7981.2438
2007-05-23,8005.3612
2007-05-30,8022.286
2007-06-06,8012.6989
2007-06-13,8035.9847
2007-06-20,8082.7446
2007-06-27,8083.2112
2007-07-04,8111.378
2007-07-11,8112.4513
2007-07-18,8123.4351
2007-07-25,8149.5539
2007-08-01,8155.7606
2007-08-08,8175.0275
2007-08-15,8205.2658
2007-08-22,8266.8675
2007-08-29,8293.6752
2007-09-05,8317.9716
2007-09-12,8352.3503
2007-09-19,8352.158
2007-09-26,8375.1594
2007-10-03,8361.1821
2007-10-10,8392.3001
2007-10-17,8447.0162
2007-10-24,8475.4747
2007-10-31,8472.1038
2007-11-07,8490.4392
2007-11-14,8501.64
2007-11-21,8530.4414
2007-11-28,8539.5686
2007-12-05,8542.4244
2007-12-12,8553.3747
2007-12-19,8580.9012
2007-12-26,8587.6143
2008-01-02,8600.2699
2008-01-09,8597.1345
2008-01-16,8568.7184
2008-01-23,8606.3262
2008-01-30,8600.8985
2008-02-06,8609.7699
2008-02-13,8627.7467
2008-02-20,8657.8839
2008-02-27,8665.755
2008-03-05,8658.4066
2008-03-12,8672.1123
2008-03-19,8713.9719
2008-03-26,8711.1506
2008-04-02,8676.1662
2008-04-09,8683.4213
2008-04-16,8689.5207
2008-04-23,8714.6239
2008-04-30,8720.8599
2008-05-07,8705.4478
2008-05-14,8704.4456
2008-05-21,8705.2688
2008-05-28,8689.1524
2008-06-04,8688.356
2008-06-11,8700.1289
2008-06-18,8697.3868
2008-06-25,8691.3095
2008-07-02,8693.345
2008-07-09,8693.0193
2008-07-16,8706.1012
2008-07-23,8690.7593
2008-07-30,8694.8416
2008-08-06,8678.3872
2008-08-13,8685.3575
2008-08-20,8691.8086
2008-08-27,8699.0076
2008-09-03,8677.2276
2008-09-10,8677.0607
2008-09-17,8753.2015
2008-09-24,8831.4737
2008-10-01,9131.1877
2008-10-08,9124.2557
2008-10-15,9179.1596
2008-10-22,9245.9188
2008-10-29,9239.2959
2008-11-05,9167.1845
2008-11-12,9152.6704
2008-11-19,9054.4175
2008-11-26,9076.1222
2008-12-03,9063.6522
2008-12-10,9046.9939
2008-12-17,9034.1884
2008-12-24,9033.0925
2008-12-31,8996.8214
2009-01-07,8983.9075
2009-01-14,9031.8939
2009-01-21,9060.5053
2009-01-28,9059.4613
2009-02-04,9075.0677
2009-02-11,9059.067
2009-02-18,9077.8676
2009-02-25,9053.7951
2009-03-04,9058.0593
2009-03-11,9080.6223
2009-03-18,9022.133
2009-03-25,9011.7083
2009-04-01,9004.4289
2009-04-08,8987.3704
2009-04-15,8979.1255
2009-04-22,8953.4675
2009-04-29,9055.8708
2009-05-06,9065.9098
2009-05-13,9026.2202
2009-05-20,9033.8692
2009-05-27,9042.9507
2009-06-03,9053.5423
2009-06-10,9031.8271
2009-06-17,9035.3229
2009-06-24,9022.1467
2009-07-01,9006.9524
2009-07-08,8994.9681
2009-07-15,8975.2594
2009-07-22,8950.0125
2009-07-29,8949.2028
2009-08-05,8950.9575
2009-08-12,8956.7635
2009-08-19,8913.7053
2009-08-26,8899.6051
2009-09-02,8881.8729
2009-09-09,8878.0394
2009-09-16,8860.3572
2009-09-23,8836.2264
2009-09-30,8781.6104
2009-10-07,8763.1354
2009-10-14,8756.2014
2009-10-21,8761.9069
2009-10-28,8737.5558
2009-11-04,8833.9846
2009-11-11,8838.765
2009-11-18,8824.9783
2009-11-25,8798.6014
2009-12-02,8803.4986
2009-12-09,8811.4599
2009-12-16,8798.2353
2009-12-23,8752.2066
2009-12-30,8766.9545
2010-01-06,8742.1611
2010-01-13,8717.3841
2010-01-20,8719.6725
2010-01-27,8693.1593
2010-02-03,8679.3583
2010-02-10,8683.1416
2010-02-17,8650.4795
2010-02-24,8624.4737
2010-03-03,8608.3372
2010-03-10,8608.8123
2010-03-17,8608.9221
2010-03-24,8603.7088
2010-03-31,9025.1732
2010-04-07,9014.3828
2010-04-14,9034.6431
2010-04-21,9028.3138
2010-04-28,9012.4728
2010-05-05,8983.6299
2010-05-12,8999.5423
2010-05-19,8979.9464
2010-05-26,8945.6559
2010-06-02,8927.566
2010-06-09,8939.9352
2010-06-16,8927.3886
2010-06-23,8928.5395
2010-06-30,8934.2814
2010-07-07,8933.8186
2010-07-14,8960.3393
2010-07-21,8987.0478
2010-07-28,8968.318
2010-08-04,8985.8632
2010-08-11,9005.1208
2010-08-18,8984.8268
2010-08-25,8983.8707
2010-09-01,9003.3646
2010-09-08,9005.2195
2010-09-15,8987.3506
2010-09-22,8981.4154
2010-09-29,8974.8111
2010-10-06,9004.7545
2010-10-13,8996.0596
2010-10-20,8999.0238
2010-10-27,9001.4052
2010-11-03,9020.3189
2010-11-10,9007.2985
2010-11-17,9019.4128
2010-11-24,9017.3513
2010-12-01,9021.6468
2010-12-08,9021.9339
2010-12-15,8981.7579
2010-12-22,8971.8066
2010-12-29,8960.9985
2011-01-05,8942.3977
2011-01-12,8977.9659
2011-01-19,8959.2317
2011-01-26,8939.6827
2011-02-02,8923.1135
2011-02-09,8924.1745
2011-02-16,8910.8499
2011-02-23,8910.6421
2011-03-02,8905.6619
2011-03-09,8915.2577
2011-03-16,8910.5629
2011-03-23,8911.0048
2011-03-30,8914.2012
2011-04-06,8923.4367
2011-04-13,8924.6198
2011-04-20,8940.1804
2011-04-27,8931.9492
2011-05-04,8931.6592
2011-05-11,8939.1164
2011-05-18,8907.4181
2011-05-25,8921.9111
2011-06-01,8942.5166
2011-06-08,8932.6807
2011-06-15,8937.5732
2011-06-22,8924.4075
2011-06-29,8916.0775
2011-07-06,8927.1657
2011-07-13,8950.6192
2011-07-20,8948.0033
2011-07-27,8959.4494
2011-08-03,8955.6594
2011-08-10,8980.0361
2011-08-17,8994.2191
2011-08-24,8996.9125
2011-08-31,9000.7805
2011-09-07,9012.4514
2011-09-14,9006.3853
2011-09-21,9005.919
2011-09-28,9007.9507
2011-10-05,9019.8739
2011-10-12,9033.4138
2011-10-19,9040.888
2011-10-26,9059.6265
2011-11-02,9081.0522
2011-11-09,9078.377
2011-11-16,9094.2005
2011-11-23,9095.1401
2011-11-30,9099.6348
2011-12-07,9094.7907
2011-12-14,9103.5752
2011-12-21,9095.8709
2011-12-28,9116.4207
2012-01-04,9158.3297
2012-01-11,9179.6409
2012-01-18,9152.6767
2012-01-25,9159.3627
2012-02-01,9250.1441
2012-02-08,9251.3852
2012-02-15,9266.3876
2012-02-22,9268.2866
2012-02-29,9304.4699
2012-03-07,9292.5324
2012-03-14,9297.4881
2012-03-21,9288.8491
2012-03-28,9305.3016
2012-04-04,9330.5594
2012-04-11,9344.9756
2012-04-18,9336.0786
2012-04-25,9327.3893
2012-05-02,9346.5154
2012-05-09,9361.672
2012-05-16,9364.0227
2012-05-23,9370.6021
2012-05-30,9376.2948
2012-06-06,9393.935
2012-06-13,9375.6014
2012-06-20,9372.7634
2012-06-27,9396.1444
2012-07-04,9409.6308
2012-07-11,9434.0173
2012-07-18,9423.2991
2012-07-25,9434.0931
2012-08-01,9456.2763
2012-08-08,9468.6218
2012-08-15,9464.2786
2012-08-22,9462.9265
2012-08-29,9475.8633
2012-09-05,9491.2395
2012-09-12,9506.4306
2012-09-19,9501.2476
2012-09-26,9498.7266
2012-10-03,9508.1435
2012-10-10,9522.7321
2012-10-17,9508.2067
2012-10-24,9507.6953
2012-10-31,9536.0319
2012-11-07,9578.8232
2012-11-14,9579.9033
2012-11-21,9573.3364
2012-11-28,9570.4996
2012-12-05,9584.8462
2012-12-12,9595.8258
2012-12-19,9636.7789
2012-12-26,9647.5936
2013-01-02,9666.7806
2013-01-09,9651.6006
2013-01-16,9641.0173
2013-01-23,9648.1142
2013-01-30,9671.6466
2013-02-06,9675.5547
2013-02-13,9674.4996
2013-02-20,9654.8803
2013-02-27,9662.1442
2013-03-06,9668.46
2013-03-13,9669.4957
2013-03-20,9653.579
2013-03-27,9665.1083
2013-04-03,9715.4272
2013-04-10,9730.0105
2013-04-17,9724.8242
2013-04-24,9725.7162
2013-05-01,9740.5757
2013-05-08,9720.5753
2013-05-15,9732.4989
2013-05-22,9727.8878
2013-05-29,9720.6444
2013-06-05,9739.8941
2013-06-12,9742.8891
2013-06-19,9743.3833
2013-06-26,9726.7864
2013-07-03,9722.4952
2013-07-10,9710.8024
2013-07-17,9731.8821
2013-07-24,9731.9952
2013-07-31,9735.8434
2013-08-07,9720.6778
2013-08-14,9719.9262
2013-08-21,9717.0408
2013-08-28,9713.757
2013-09-04,9714.1032
2013-09-11,9724.2168
2013-09-18,9735.7949
2013-09-25,9723.0059
2013-10-02,9748.6398
2013-10-09,9746.1945
2013-10-16,9766.4717
2013-10-23,9761.9529
2013-10-30,9768.3823
2013-11-06,9776.6847
2013-11-13,9787.9976
2013-11-20,9793.8026
2013-11-27,9815.0445
2013-12-04,9797.5534
2013-12-11,9814.8651
2013-12-18,9825.8161
2013-12-25,9844.4333
2014-01-01,9846.8
2014-01-08,9845.2296
2014-01-15,9847.1598
2014-01-22,9869.4194
2014-01-29,9875.2728
2014-02-05,9899.1412
2014-02-12,9920.9957
2014-02-19,9952.8695
2014-02-26,9962.4231
2014-03-05,9989.9587
2014-03-12,10006.5373
2014-03-19,10018.8456
2014-03-26,10028.9141
2014-04-02,10029.6229
2014-04-09,10039.5222
2014-04-16,10055.997
2014-04-23,10067.4668
2014-04-30,10080.269
2014-05-07,10085.3693
2014-05-14,10108.003
2014-05-21,10122.2216
2014-05-28,10139.8581
2014-06-04,10143.7359
2014-06-11,10167.6919
2014-06-18,10178.1081
2014-06-25,10186.4921
2014-07-02,10239.3091
2014-07-09,10238.8384
2014-07-16,10242.6972
2014-07-23,10253.6927
2014-07-30,10268.2773
2014-08-06,10281.6674
2014-08-13,10290.158
2014-08-20,10313.4413
2014-08-27,10310.5383
2014-09-03,10326.7459
2014-09-10,10339.9804
2014-09-17,10355.8458
2014-09-24,10372.4913
2014-10-01,10376.5799
2014-10-08,10375.5709
2014-10-15,10386.2372
2014-10-22,10396.8745
2014-10-29,10383.7688
2014-11-05,10398.7205
2014-11-12,10431.1765
2014-11-19,10440.8141
2014-11-26,10474.9518
2014-12-03,10481.4443
2014-12-10,10511.1406
2014-12-17,10524.5165
2014-12-24,10566.5988
2014-12-31,10582.2732
2015-01-07,10591.9291
2015-01-14,10618.2146
2015-01-21,10633.4945
2015-01-28,10631.6245
2015-02-04,10654.9137
2015-02-11,10679.6693
2015-02-18,10699.7844
2015-02-25,10745.6705
2015-03-04,10761.3038
2015-03-11,10773.7649
2015-03-18,10800.0298
2015-03-25,10808.6409
2015-04-01,10836.8313
2015-04-08,10833.7264
2015-04-15,10856.5586
2015-04-22,10865.8368
2015-04-29,10882.9474
2015-05-06,10897.1485
2015-05-13,10910.1853
2015-05-20,10937.0497
2015-05-27,10949.3394
2015-06-03,10948.6767
2015-06-10,10969.6979
2015-06-17,10987.0026
2015-06-24,10996.5518
2015-07-01,10999.6824
2015-07-08,10987.9438
2015-07-15,11007.0095
2015-07-22,11016.6775
2015-07-29,11016.2372
2015-08-05,11047.5827
2015-08-12,11059.2837
2015-08-19,11082.6817
2015-08-26,11088.3108
2015-09-02,11099.4376
2015-09-09,11107.3479
2015-09-16,11100.4838
2015-09-23,11111.9915
2015-09-30,11147.7386
2015-10-07,11149.9428
2015-10-14,11178.9807
2015-10-21,11177.3495
2015-10-28,11184.689
2015-11-04,11216.6252
2015-11-11,11241.8167
2015-11-18,11261.1714
2015-11-25,11277.9407
2015-12-02,11296.9824
2015-12-09,11328.7003
2015-12-16,11345.2841
2015-12-23,11350.7195
2015-12-30,11354.8911
2016-01-06,11376.6973
2016-01-13,11381.0312
2016-01-20,11405.3508
2016-01-27,11417.3738
2016-02-03,11455.9045
2016-02-10,11457.3519
2016-02-17,11458.5112
2016-02-24,11475.2266
2016-03-02,11531.8405
2016-03-09,11558.034
2016-03-16,11555.8297
2016-03-23,11566.3206
2016-03-30,11566.5011
2016-04-06,11593.0007
2016-04-13,11620.8179
2016-04-20,11634.9541
2016-04-27,11655.8062
2016-05-04,11687.6247
2016-05-11,11703.3724
2016-05-18,11702.0763
2016-05-25,11722.3355
2016-06-01,11745.9073
2016-06-08,11754.2904
2016-06-15,11762.5965
2016-06-22,11780.6746
2016-06-29,11818.6822
2016-07-06,11841.5944
2016-07-13,11863.5209
2016-07-20,11857.8512
2016-07-27,11872.8796
2016-08-03,11870.5301
2016-08-10,11892.0047
2016-08-17,11886.1844
2016-08-24,11911.1044
2016-08-31,11944.1909
2016-09-07,11955.5433
2016-09-14,11981.1838
2016-09-21,11992.3793
2016-09-28,12007.1747
2016-10-05,12035.5959
2016-10-12,12044.489
2016-10-19,12064.6863
2016-10-26,12072.3706
2016-11-02,12084.0722
2016-11-09,12082.7328
2016-11-16,12080.2971
2016-11-23,12067.8506
2016-11-30,12083.1764
2016-12-07,12075.3839
2016-12-14,12079.0471
2016-12-21,12072.6456
2016-12-28,12065.4744
2017-01-04,12093.2975
2017-01-11,12100.29
2017-01-18,12108.9175
2017-01-25,12112.3729
2017-02-01,12125.451
2017-02-08,12128.717
2017-02-15,12146.1683
2017-02-22,12161.7432
2017-03-01,12171.1202
2017-03-08,12164.3716
2017-03-15,12179.7184
2017-03-22,12167.5304
2017-03-29,12149.293
2017-04-05,12187.0717
2017-04-12,12193.3305
2017-04-19,12198.6299
2017-04-26,12195.4353
2017-05-03,12212.0662
2017-05-10,12222.9809
2017-05-17,12240.5543
2017-05-24,12258.6632
2017-05-31,12258.3917
2017-06-07,12240.2351
2017-06-14,12246.9899
2017-06-21,12254.1966
2017-06-28,12249.9239
2017-07-05,12266.2483
2017-07-12,12284.2883
2017-07-19,12298.6204
2017-07-26,12303.9327
2017-08-02,12314.0267
2017-08-09,12314.1208
2017-08-16,12315.5285
2017-08-23,12336.3411
2017-08-30,12334.3872
2017-09-06,12348.61
2017-09-13,12343.3652
2017-09-20,12399.4618
2017-09-27,12399.5921
2017-10-04,12414.6288
2017-10-11,12435.8633
2017-10-18,12447.4517
2017-10-25,12445.8912
2017-11-01,12454.4698
2017-11-08,12462.5123
2017-11-15,12464.3842
2017-11-22,12474.1732
2017-11-29,12513.0106
2017-12-06,12526.3873
2017-12-13,12519.7721
2017-12-20,12528.786
2017-12-27,12554.3779
2018-01-03,12550.2587
2018-01-10,12546.5146
2018-01-17,12554.634
2018-01-24,12556.7573
2018-01-31,12558.6226
2018-02-07,12539.7056
2018-02-14,12553.534
2018-02-21,12566.0909
2018-02-28,12579.4831
2018-03-07,12570.6046
2018-03-14,12583.7681
2018-03-21,12561.7789
2018-03-28,12564.0595
2018-04-04,12608.9237
2018-04-11,12629.5533
2018-04-18,12639.402
2018-04-25,12640.6634
2018-05-02,12643.9932
2018-05-09,12647.7939
2018-05-16,12646.3659
2018-05-23,12674.0387
2018-05-30,12696.0743
2018-06-06,12702.6184
2018-06-13,12718.8829
2018-06-20,12766.4668
2018-06-27,12774.5415
2018-07-04,12757.6255
2018-07-11,12789.2546
2018-07-18,12786.4578
2018-07-25,12798.6268
2018-08-01,12778.5746
2018-08-08,12782.4032
2018-08-15,12795.7532
2018-08-22,12810.1124
2018-08-29,12810.6032
2018-09-05,12821.065
2018-09-12,12836.1606
2018-09-19,12846.9588
2018-09-26,12848.6123
2018-10-03,12874.4737
2018-10-10,12875.5951
2018-10-17,12877.8456
2018-10-24,12907.6194
2018-10-31,12902.7294
2018-11-07,12895.1776
2018-11-14,12933.1263
2018-11-21,12960.9299
2018-11-28,12957.4881
2018-12-05,12990.3563
2018-12-12,13028.1619
2018-12-19,13056.0285
2018-12-26,13101.27
2019-01-02,13135.2495
2019-01-09,13154.1631
2019-01-16,13168.7825
2019-01-23,13175.9818
2019-01-30,13156.455
2019-02-06,13170.5885
2019-02-13,13196.3348
2019-02-20,13225.8105
2019-02-27,13228.9995
2019-03-06,13238.5289
2019-03-13,13262.2511
2019-03-20,13273.8441
2019-03-27,13248.9453
2019-04-03,13266.9965
2019-04-10,13282.1187
2019-04-17,13321.1108
2019-04-24,13343.3967
2019-05-01,13351.3911
2019-05-08,13358.4486
2019-05-15,13384.7145
2019-05-22,13396.3675
2019-05-29,13395.0721
2019-06-05,13410.6224
2019-06-12,13431.1493
2019-06-19,13457.6773
2019-06-26,13488.0684
2019-07-03,13492.0802
2019-07-10,13491.6471
2019-07-17,13485.6503
2019-07-24,13518.5252
2019-07-31,13532.598
2019-08-07,13549.0974
2019-08-14,13572.4591
2019-08-21,13611.9532
2019-08-28,13621.6242
2019-09-04,13644.7817
2019-09-11,13671.56
2019-09-18,13713.1615
2019-09-25,13734.0047
2019-10-02,13726.2314
2019-10-09,13718.5774
2019-10-16,13735.6337
2019-10-23,13752.2443
2019-10-30,13757.5556
2019-11-06,13770.932
2019-11-13,13794.9315
2019-11-20,13800.5486
2019-11-27,13831.5652
2019-12-04,13834.6428
2019-12-11,13875.6317
2019-12-18,13831.2908
2019-12-25,13841.9726
2020-01-01,13838.0326
2020-01-08,13847.6676
2020-01-15,13867.7737
2020-01-22,13883.3526
2020-01-29,13883.8858
2020-02-05,13893.4743
2020-02-12,13870.6371
2020-02-19,13936.3454
2020-02-26,13966.2483
2020-03-04,14059.942
2020-03-11,14136.1147
2020-03-18,14368.4458
2020-03-25,14622.3506
2020-04-01,14703.8978
2020-04-08,14701.7424
2020-04-15,14720.8715
2020-04-22,14803.4375
2020-04-29,14852.583
2020-05-06,14876.3287
2020-05-13,14860.6226
2020-05-20,14839.4353
2020-05-27,14826.7346
2020-06-03,14831.8724
2020-06-10,14842.6321
2020-06-17,14851.8181
2020-06-24,14840.3934
2020-07-01,14856.4657
2020-07-08,14869.867
2020-07-15,14907.9913
2020-07-22,14914.596
2020-07-29,14897.7924
2020-08-05,14918.1447
2020-08-12,14900.0673
2020-08-19,14900.0906
2020-08-26,14920.2229
2020-09-02,14950.408
2020-09-09,14960.7698
2020-09-16,14947.3364
2020-09-23,14953.8271
2020-09-30,14944.5599
2020-10-07,14939.7497
2020-10-14,14936.652
2020-10-21,14947.7338
2020-10-28,14953.9365
2020-11-04,14988.1745
2020-11-11,15003.18
2020-11-18,15006.3399
2020-11-25,15007.3724
2020-12-02,15019.056
2020-12-09,15007.2748
2020-12-16,15027.1295
2020-12-23,15035.1499
2020-12-30,15056.9571
2021-01-06,15090.5192
2021-01-13,15090.7665
2021-01-20,15108.0923
2021-01-27,15149.187
2021-02-03,15177.2283
2021-02-10,15193.7855
2021-02-17,15218.5754
2021-02-24,15261.5541
2021-03-03,15308.0566
2021-03-10,15345.8572
2021-03-17,15349.8234
2021-03-24,15347.2048
2021-03-31,15356.4272
2021-04-07,15372.1663
2021-04-14,15411.566
2021-04-21,15418.9439
2021-04-28,15452.5734
2021-05-05,15497.6707
2021-05-12,15527.6482
2021-05-19,15559.7456
2021-05-26,15574.1845
2021-06-02,15590.1698
2021-06-09,15605.5785
2021-06-16,15586.7476
2021-06-23,15585.7114
2021-06-30,15621.964
2021-07-07,15630.7287
2021-07-14,15646.5008
2021-07-21,15651.7682
2021-07-28,15686.6827
2021-08-04,15704.3341
2021-08-11,15712.5878
2021-08-18,15750.208
2021-08-25,15775.1037
2021-09-01,15828.5384
2021-09-08,15827.3025
2021-09-15,15859.039
2021-09-22,15870.7335
2021-09-29,15935.4096
2021-10-06,15964.4199
2021-10-13,16016.4277
2021-10-20,16063.0421
2021-10-27,16085.6907
2021-11-03,16151.6248
2021-11-10,16157.8663
2021-11-17,16191.0749
2021-11-24,16236.0377
2021-12-01,16276.9667
2021-12-08,16291.1916
2021-12-15,16371.3399
2021-12-22,16439.6198
2021-12-29,16479.8833
2022-01-05,16552.8794
2022-01-12,16571.4666
2022-01-19,16579.8976
2022-01-26,16588.9975
2022-02-02,16602.3464
2022-02-09,16628.2041
2022-02-16,16646.7491
2022-02-23,16713.2295
2022-03-02,16752.2615
2022-03-09,16794.8643
2022-03-16,16808.5302
2022-03-23,16812.4282
2022-03-30,16835.019
2022-04-06,16861.2351
2022-04-13,16916.1569
2022-04-20,16931.8104
2022-04-27,16953.9073
2022-05-04,16945.5316
2022-05-11,16994.7739
2022-05-18,17020.8122
2022-05-25,17067.8893
2022-06-01,17086.0404
2022-06-08,17114.1123
2022-06-15,17132.218
2022-06-22,17180.9431
2022-06-29,17195.6721
2022-07-06,17216.3215
2022-07-13,17236.246
2022-07-20,17260.3909
2022-07-27,17293.7807
2022-08-03,17289.5775
2022-08-10,17323.2706
2022-08-17,17331.8866
2022-08-24,17337.331
2022-08-31,17318.3193
2022-09-07,17315.1043
2022-09-14,17337.3228
2022-09-21,17355.7434
2022-09-28,17343.5013
2022-10-05,17339.0654
2022-10-12,17348.8816
2022-10-19,17341.2091
2022-10-26,17363.6336
2022-11-02,17352.4513
2022-11-09,17366.7913
2022-11-16,17388.6835
2022-11-23,17408.0644
2022-11-30,17418.3566
2022-12-07,17520.5735
2022-12-14,17525.9298
2022-12-21,17509.7978
2022-12-28,17501.4662
2023-01-04,17516.9036
2023-01-11,17537.6655
2023-01-18,17565.8249
2023-01-25,17588.3055
2023-02-01,17589.5449
2023-02-08,17583.0983
2023-02-15,17595.603
2023-02-22,17593.6778
2023-03-01,17564.3604
2023-03-08,17551.0523
2023-03-15,17604.2307
2023-03-22,17469.5418
2023-03-29,17293.1324
2023-04-05,17334.3671
2023-04-12,17311.8206
2023-04-19,17334.9846
